,claim,label
0,1 in 5 million in UK have abnormal PrP positivity.,0
1,32% of liver transplantation programs required patients to discontinue methadone treatment in 2001.,1
2,40mg/day dosage of folic acid and 2mg/day dosage of vitamin B12 does not affect chronic kidney disease (CKD) progression.,1
3,76-85% of people with severe mental disorder receive no treatment in low and middle income countries.,1
4,A T helper 2 cell (Th2) environment impedes disease development in patients with systemic lupus erythematosus (SLE).,0
5,A breast cancer patient's capacity to metabolize tamoxifen influences treatment outcome.,1
6,A country's Vaccine Alliance (GAVI) eligibility is not indictivate of accelerated adoption of the Hub vaccine.,0
7,A deficiency of folate increases blood levels of homocysteine.,1
8,A diminished ovarian reserve does not solely indicate infertility in an a priori non-infertile population.,1
9,"A diminished ovarian reserve is a very strong indicator of infertility, even in an a priori non-infertile population.",0
10,A high microerythrocyte count protects against severe anemia in homozygous alpha (+)- thalassemia trait subjects.,1
11,A mutation in HNF4A leads to an increased risk of developing diabetes by the age of 14 years.,1
12,A single nucleotide variant the gene DGKK is strongly associated with increased risk of hypospadias.,1
13,A strong bias in the phage genome locations where the spacers were derived has been observed in many CRISPR subtypes that confer the immunity to phage.,1
14,ALDH1 expression is associated with poorer prognosis for breast cancer primary tumors.,1
15,AMP-activated protein kinase (AMPK) activation reduces inflammation-related fibrosis in the lungs.,1
16,APOE4 expression in iPSC-derived neurons results in decreased tau phosphorylation.,0
17,ART has no effect on the infectiveness of HIV-positive people.,0
18,ART substantially reduces infectiveness of HIV-positive people.,1
19,Activated Cdk5 phosphorylates the ATM protein in response to DNA damage.,1
20,Activated Cdk5 regulates DNA damage-induced neuronal death.,1
21,Activation of PPM1D enhances p53 function.,0
22,Activation of the Rac1 homolog CED-10 kills viable cells in SRGP-1 mutant Caenorhabditis elegans.,1
23,Active Ly49Q induces neutrophil polarization.,1
24,Active Ly49Q prevents neutrophil polarization.,0
25,Active caspase-11 participate in regulating phagosome-lysosome fusion.,1
26,Active caspase-11 protein promotes pyroptosis.,1
27,Adult tissue-resident macrophages are seeded before birth.,1
28,Adult tissue-resident macrophages are seeded before birth.,1
29,Adult tissue-resident macrophages possess a self-renewing capacity.,1
30,Aggravated inflammation is dependent on NLRP3 inflammasome activation.,1
31,Alirocumab treatment reduces apo(a) fractional clearance rate.,0
32,Allogeneic mechanical circulatory support is not as effective as autologous mechanical circulatory support for treating acute myocardial infarction.,0
33,Alteration of origin firing causes changes in termination zones of Okazaki fragments.,0
34,Ambulatory blood pressure monitoring is inaccurate at diagnosing hypertension.,0
35,Amitriptyline is an effective treatment for chronic tension-type headaches.,1
36,An M2-like phenotype in brown adipose tissue macrophages is quickly induced by cold exposure.,1
37,Androgenetic haploid mouse embryonic stem cells (ESCs) can be derived and genetically manipulated in vitro.,1
38,Angiotensin converting enzyme inhibitors are associated with decreased risk for functional renal insufficiency.,0
39,Anthrax spores are very difficult to dispose once they are dispersed.,1
40,Anthrax spores remain deadly until affected areas are decontaminated.,1
41,Antidepressants increase the severity of migraines.,0
42,Antidepressants reduce the severity of migraines.,1
43,Antimicrobial agents are less effective due to the pressure of antimicrobial usage.,1
44,Antimicrobial agents are more effective due to the pressure of antimicrobial usage.,0
45,Antiretroviral therapy increases rates of tuberculosis across a broad range of CD4 strata.,0
46,Asymptomatic visual impairment screening in elderly populations leads to improved vision.,0
47,Autologous transplantation of mesenchymal stem cells has better graft function than induction therapy with anti-interleukin-2 receptor antibodies.,1
48,Autophagy deficiency in the liver increases vulnerability to insulin resistance.,0
49,B cells go though plasmablast differentiation and antibody production by continuous expression of EBI2.,1
50,BCL-2 activation antagonizes the apoptotic effects of c-Myc.,1
51,BCL-2 promotes the apoptotic effects of c-Myc.,0
52,BLM gene encodes RecQ-class DNA helicase.,1
53,BRCA 1 mutation carriers' risk of breast and ovarian cancer depends on where the mutation is located.,1
54,Bacterial meningitis can be diagnosed on the basis of positive cerebrospinal fluid (CSF) cultures.,1
55,Bariatric surgery increases rates of colorectal cancer.,1
56,Bariatric surgery increases rates of postmenopausal breast cancer.,1
57,Bariatric surgery leads to negative outcomes in mental health.,0
58,Bariatric surgery leads to positive outcomes in mental health.,1
59,Bariatric surgery reduces colorectal cancer.,0
60,Bariatric surgery reduces postmenopausal breast cancer.,0
61,Basophils promote disease development in patients with systemic lupus erythematosus (SLE).,1
62,Binding of p53 to enhancer regions (p53BERs) regulates the activity of p53 transcription and cell cycle arrest through the production of p53-dependent eRNAs.,1
63,Birth-weight is negatively associated with breast cancer.,0
64,Blocking the interaction between TDP-43 and respiratory complex I proteins ND3 and ND6 prevents TDP-43-induced neuronal loss.,1
65,Bone marrow cells don't contribute to adult macrophage compartments.,1
66,Broadly HIV-1 Neutralizing Antibodies (bnAb) 10EB have no affinity for phospholipids.,1
67,C2 works synergistically with A-769662 to activate dephosphorylated AMPK.,1
68,CCL19 is a ligand for CCR7.,1
69,"CD28 initiates tonic signaling in conventional T cells, which causes an exhaustion phenotype and limited efficiency.",1
70,CD28 signals regulate trafficking of murine auto-reactive T cells into target tissues.,1
71,CD44v6 is not associated with constitutive and reprogrammed cancer stem cells driving cancer metastasis.,0
72,COPI coatmer is involved in lipid homeostasis.,1
73,Ca2+ cycling controls whole-body energy homeostasis in beige fat.,1
74,Ca2+ cycling is a UCP1-dependent thermogenic mechanism.,0
75,Ca2+ cycling is a UCP1-independent thermogenic mechanism.,1
76,Cancer cells can stimulate the accumulation of intra-tumoural myeloid-derived suppressor cells by promoting granulocyte colony stimulating factor production.,1
77,Cancers that initially benefit from epidermal growth factor receptor targeted therapies later become refractory through several mechanisms.,1
78,Cardiac tissue-resident macrophages directly contribute to electrical activity.,1
79,Cell autonomous sex determination in somatic cells occurs in Galliformes.,1
80,Cellular clocks are associated with mitosis timing in NIH 3T3 cells.,1
81,Cellular clocks are not predictive of mitosis timing in NIH 3T3 cells.,0
82,"Cellular differentiation of embryonic stem cells is accompanied by changes in replication timing, transcription and nuclear localization.",1
83,Charcoal is an effective treatment for acute paraquat poisoning.,0
84,Charcoal shows no benefit for acute paraquat poisoning.,1
85,Chenodeoxycholic acid treatment decreases brown adipose tissue activity.,0
86,Chenodeoxycholic acid treatment increases brown adipose tissue activity.,1
87,Chlamydia trachomatis is most prevalent in the UK among sexually-experienced individuals aged 16 to 24.,1
88,"Cholesterol loading induces KLF4 expression in VSMCs, resulting in the expression of pro-inflammatory cytokines.",1
89,Citrullinated proteins externalized in neutrophil extracellular traps act indirectly to disrupt the inflammatory cycle.,0
90,Citrullinated proteins externalized in neutrophil extracellular traps act indirectly to perpetuate the inflammatory cycle via induction of autoantibodies.,1
91,Clathrin stabilizes the spindle fiber apparatus during mitosis.,1
92,Cnn1 recruitment varies with cell cycle timing.,1
93,Cognitive behavioral therapy is an ineffective treatment for insomnia,0
94,Combination nicotine replacement therapies with varenicline or bupropion are more effective after 12 weeks of reatment compared to varenicline monotherapy.,1
95,"Commelina yellow mottle virus (ComYMV) has three typical badnavirus ORFs, capable of encoding proteins 23, 15, and 216 kD.",1
96,Commelina yellow mottle virus' (ComYMV) genome consists of 2140 baise pairs.,0
97,Comparative transcriptome analysis identified new platelet proteins with structural features suggesting a role in platelet function.,1
98,Consumption of whole fruits increases the risk of type 2 diabetes.,0
99,Converting apoE4 to apoE3 by gene editing prevents the pathology associated with apoE4 in human iPSCderived neurons.,1
100,Converting apoE4 to apoE3 by gene editing worsens the pathology associated with apoE4 in human iPSCderived neurons.,0
101,Cost effectiveness evaluations based on cRCT data accurately reflect prices for patients in actual clinical practice.,0
102,Cost effectiveness evaluations based on cRCT data lack external validity.,1
103,Cyclin A2 destruction is necessary to switch from unstable to stable kt-mt attachments in mitosis.,1
104,Cytochrome c is transferred from cytosol to the mitochondrial intermembrane space during apoptosis.,0
105,DRD1 proteins enable Pol V transcription in vivo.,1
106,DUSP4 decreases apoptosis.,0
107,DUSP4 downregulation deactivates the Ras-ERK pathway,0
108,DUSP4 increases apoptosis.,1
109,Decreased diastolic blood pressure (DBP) is associated with abdominal aortic aneurysm.,0
110,Deltex has no known interactions with eIF3f.,0
111,Deltex interacts with eIF3. There is no known interaction between Deltex and elF3,0
112,Depletion of T-helper 17 (Th17) cells during simian immunodeficiency virus (SIV) infection decreases dissemination of Salmonella Typhimurium from the gut.,0
113,Depletion of T-helper 17 (Th17) cells during simian immunodeficiency virus (SIV) infection increases dissemination of Salmonella Typhimurium from the gut.,1
114,Depletion of nitric oxide is responsible for vasospasm.,1
115,Deregulation of HAND2 is a crucial step in endometrial carcinogenesis in mice.,1
116,Dexamethasone increases risk of postoperative bleeding.,1
117,Diabetes remission occurs less in people treated with conventional therapy than in people treated with laparoscopic adjustable gastric banding surgery.,1
118,Diabetes remission occurs more in people treated with conventional therapy than in people treated with laparoscopic adjustable gastric banding surgery.,0
119,Diabetic patients with acute coronary syndrome experience decreased short-term and long-term risk for bleeding events.,0
120,Differentiation of progenitor cells to myeloid cells is skewed upon activation of insulin signaling.,0
121,Differentiation of progenitor cells to myeloid cells is skewed when insulin signaling is suppressed.,1
122,Diminished ovarian reserve is a reliable indicator of infertility in a non-infertile population.,0
123,Drosophila supracellular actomyosin structures are found at boundaries in wing imaginal discs.,1
124,Dscam1 acts as a hypervariable pattern-recognition receptor for the immune system.,1
125,ERAP1 SNPs are epistatic to HLA alleles for ankylosing spondylitis.,1
126,Early patent ductus ateriosus (PDA) screening decreases in-hospital mortality.,1
127,Early patent ductus ateriosus (PDA) screening increases in-hospital mortality.,0
128,"Ectopic expression of Sall4, Nanog, Esrrb, and Lin28 generates induced pluripotent stem cells from mouse embryonic fibroblasts more efficiently than other factor combinations.",1
129,Egr2 regulates the homeostasis of B and T cells.,1
130,Egr3 regulates the homeostasis of B and T cells.,1
131,Eilat virus (EILV) produced in mosquitos elicits rapid and long-lasting neutralizing antibodies in nonhuman primates.,1
132,Elevated cell-free mitochondrial DNA levels are associated with mortality.,1
133,Energy balance requires hypothalamic glutamate neurotransmission.,1
134,Enhanced early production of inflammatory chemokines damages viral control in the lung.,0
135,Environmental factors can influence the development of breast cancer.,1
136,Environmentally-induced senescence is mimicked in disease modeling by adding specific molecules to the culture system.,1
137,Excess gestational weight gain is associated with obesity-related pregnancy outcomes.,1
138,Exercise increases cancer mortality rates among Chinese citizens.,0
139,Exercise reduces cancer mortality rates among Chinese citizens.,1
140,Exposure to fine particulate air pollution is unrelated to anxiety prevalence.,0
141,Female carriers of the Apolipoprotein E4 (APOE4) allele have decreased risk for dementia.,0
142,Female carriers of the Apolipoprotein E4 (APOE4) allele have increased risk for Alzheimer's disease.,1
143,Female carriers of the Apolipoprotein E4 (APOE4) allele have longer lifetime exposure to estrogen due to an increased reproductive period.,1
144,Female carriers of the Apolipoprotein E4 (APOE4) allele have shorter lifetime exposure to estrogen due to a decreased reproductive period.,0
145,Fibroblast growth factor 21 protects against atherosclerosis by modulating adiponectin and SREBP2 levels.,1
146,Forkhead 0 (fox0) transcription factors are involved in apoptosis.,1
147,Forkhead 0 (fox0) transcription factors are involved in cellular differentiation.,1
148,FoxO3a activation in neuronal death is inhibited by reactive oxygen species (ROS).,0
149,Foxk2 regulates autophagy genes in muscle cells and fibroblast cells.,1
150,G-CSF increases the expansion and infiltration of MDSCs into tumors.,1
151,GATA3 regulates cell cycle progression in bone marrow hematopoietic stem cells.,1
152,GATA3 regulates self-renewal capacity in bone marrow hematopoietic stem cells.,1
153,Gastric infection with Helicobacter pylori decreases risk of gastric cancer in humans.,0
154,Gastric infection with Helicobacter pylori increases risk of gastric cancer in humans.,1
155,General exercise therapy is more effective than rotator cuff exercises in reducing pain and improving function of the shoulder.,0
156,General exercise therapy is more effective than scapular stabilizer exercises in reducing pain and improving function of the shoulder.,0
157,Genes involved in pre-mRNA splicing have a significant impact on genome stability.,1
158,Genetic deficiency of mast cells leads to decreased weight gain in a mouse model of diet-induced obesity.,1
159,Genetic deletion of JAM-A increases gut permeability.,1
160,Genomic aberrations of metastases provide information for targeted therapy.,1
161,Genomic sequences involved in alternative splicing responsible for Hutchinson-Gilford progeria syndrome (HGPS) are abundant in the ''progerinonly'' allele of Lmna knock-in models.,0
162,Glial calcium waves influence seizures.,1
163,"Glioblastoma multiforme (GBM) is characterized by extensive invasion, rapid growth, necrosis, and angiogenesis.",1
164,Gpr124 increases BBB breakdown in mouse models of ischemic stroke.,0
165,Gpr124 suppresses BBB breakdown in mouse models of ischemic stroke.,1
166,Guanine nucleotide exchange factors (GEFs) mediate RhoA activation in response to tensional forces on fibronectin-binding integrins.,1
167,H.pylori-mediated gastric cancer occurs due to the accumulation of mutations in host epithelial cells.,1
168,HAND2 methylation is a key step in early endometrial carcinogenesis.,1
169,Having a main partner improves HIV outcomes.,1
170,Having a main partner worsens HIV outcomes.,0
171,HbA1c consistently overestimates glycemic control in black individuals with Sickle cell trait (SCT).,0
172,Headaches are correlated with cognitive impairment.,0
173,Healthy volunteers exhibit rapid and transient increase of cellular ATP after being bolus-injected with fructose.,0
174,Helicobacter pylori-induced aberrant NF-kB-dependent expression of activation-induced cytidine deaminase contributes to the mutagenesis of host DNA.,1
175,Helminths interfere with immune system control of coinfections by microbial pathogens 16.,1
176,High levels of CRP lead to a higher risk of exacerbations in chronic obstructive pulmonary disease (COPD).,1
177,"Higher plasma levels of I-carnitine, when associated with trimethylamine N-oxide, are negatively correlated with cardiovascular events in humans.",0
178,"Higher plasma levels of I-carnitine, when associated with trimethylamine N-oxide, are positively correlated with cardiovascular events in humans.",1
179,Human embryonic stem cells give rise to cell types from all three embryonic germ layers.,1
180,"Human embryonic stem cells give rise to cell types from the outer embryonic germ layer, but not the other two layers.",0
181,Human embryonic stem cells have the capacity to give rise to differentiated progeny representative of all three embryonic germ layers.,1
182,Hypocretin neurones suppress panicprone state in rats.,0
183,Hypothalamic glutamate neurotransmission is unrelated to energy balance.,0
184,"IFI16 impedes STING phosphorylation and translocation, resulting in reduced activation of STING.",0
185,IL-10 production by monocytes inhibits CD4 + T cell response.,1
186,IL-6 signaling plays a major role in atherosclerotic cardiovascular disease.,1
187,IgA plasma cells that are specific for transglutaminase 2 are scarce in the duodenal mucosa of celiac disease patients when the disease is active.,0
188,Immune responses in immune cells are geographically segregated.,1
189,Improvements in OER catalysts show stable activity over several hundred hours.,1
190,"In British Men, haplogroup I decreases risk of cardiovascular disease.",0
191,"In British Men, haplogroup I increases risk of cardiovascular disease by 50%.",1
192,"In S. cerevisiae, the absence of RNA surveillance pathways causes sensitivity to high iron conditions.",1
193,"In S. cerevisiae, the absence of RNA surveillance pathways reduces sensitivity to high iron conditions.",0
194,"In a naive state, blocking Wingless-Int-1 secretion from mouse embryonic stem cells inhibits self-renewal of the mouse embryonic stem cells.",1
195,"In breast cancer, the loss of myoepithelial cells promotes the transition of ductal carcinoma in situ to invasive carcinoma.",1
196,"In breast cancer, the loss of myoepithelial cells slows the transition of ductal carcinoma in situ to invasive carcinoma.",0
197,"In melanoma, anti-CTLA-4 treatment reinvigorates exhausted PD-1+Eomes+CD8 T cells.",1
198,"In patients with congenital heart defects, β-blockers significantly improve clinical heart failure outcomes.",0
199,"In pediatric tissue, most T cells are naive T cell emigrants from the thymus.",1
200,"In rhesus macaques, daily subcutaneous injections of tenofovir protects against rectally transmitted simian-human immunodeficiency virus.",1
201,"In young and middle-aged adults, current or remote uses of ADHD medications increase the risk of serious cardiovascular events.",0
202,Incidence of 10/66 dementia is higher than the incidence of DSM-IV dementia.,1
203,Incidence of 10/66 dementia is lower than the incidence of DSM-IV dementia.,0
204,Incidence of heart failure increased by 10% in women since 1979.,0
205,Incidence of sepsis has fallen substantially from 2009 to 2014.,0
206,Including pharmacists in rounding teams does not alter the incidence of adverse drug events (ADEs).,0
207,Including pharmacists in rounding teams reduces the incidence of adverse drug events (ADEs).,1
208,Increased LDL receptors plays a role in the reduction of plasma Lp(a).,1
209,Increased diastolic blood pressure (DBP) is associated with abdominal aortic aneurysm.,1
210,Increased microtubule acetylation exacerbates LRRK2 Roc-COR domain mutation induced locomotor deficits.,0
211,Increased microtubule acetylation repairs interference of axonal transport caused by LRRK2 Roc-COR domain mutations.,1
212,Increased microtubule acetylation worsens interference of axonal transport caused by LRRK2 Roc-COR domain mutations.,0
213,Individuals with Alzheimers who participate in six months of physical activity improve cognitive function for up to 18 months.,1
214,Induced hepatic stem cells possess the potential to differentiate into cholangiocytic cells.,1
215,Induced hepatic stem cells possess the potential to differentiate into hepatocytic cells.,1
216,Induction of urokinase receptor signaling in podocytes causes foot process effacement and proteinuria.,1
217,Inhibiting HDAC6 increases survival of mice with ARID1A mutated tumors.,1
218,Inhibiting focal adhesion formation enables cells to convert mechanical strain into eventual scarring.,0
219,Inhibiting focal adhesion formation increases the rate at which cells convert mechanical strain into inflammation and fibrosis.,0
220,Inhibiting glucose-6-phospate dehydrogenase improves lipogenesis by deactivating LKB1-AMPK signaling.,0
221,"Inside the body, falciparum parasites reproduce asexually.",1
222,Insulin effects appetite via ventral tegmental neurons.,1
223,Intake of folic acid (FA) and vitamin B6 (VB6) increases levels of homocysteine.,0
224,Intake of folic acid (FA) and vitamin B6 (VB6) reduces levels of homocysteine.,1
225,Integrated care is ineffective at tackling multiple comorbidities.,0
226,Integrated care is successful at tackling multiple comorbidities.,1
227,Interleukin-18 plays an important role in the pathogenesis of atherosclerosis.,1
228,Intramembrane cleavage by signal peptide peptidase aids in the degradation of proteins with a complex membrane orientation.,1
229,JMJD6 catalyzes the hydroxylation of C-terminal lysine and supresses transcriptional activity.,1
230,JMJD6 slows the hydroxylation of C-terminal lysine,0
231,KLF4 is necessary for VSMCs to gain genetic characteristics of other cell types within atherosclerotic lesions.,1
232,KRT17 modulates the expression of the transcriptional regulator AIRE in diseased epithelia.,1
233,Kir7.1 modulates channel activity by the G protein-coupled melanocortin-4 receptor (MC4R) in the paraventricular nucleus of the hypothalamus.,1
234,Klf2 is important for proper myeloid cell function.,1
235,Klf4 is important for proper myeloid cell differentiation.,1
236,Klf4 is not required for proper myeloid cell differentiation.,0
237,Knockout proximal tubule-specific deletion of the BMP receptor Alk3 causes epithelial damage.,1
238,Knockout proximal tubule-specific deletion of the BMP receptor Alk3 causes fibrosis.,1
239,LDL cholesterol has a causal role in the development of cardiovascular disease.,1
240,Lack of FGF21 in mice increases life expectancy.,0
241,Lack of FGF21 in mice leads to atherosclerotic plaque formation.,1
242,Lack of FGF21 in mice leads to reduced lifespan.,1
243,Lack of FGF21 in mice slows the rate of atherosclerotic plaque formation.,0
244,Lice attenuated SIV vaccines induce a stronger antigen-specific T cell response in lymph node cells.,1
245,Long chain polyunsaturated fatty acids supplementation is associated with lower rates of atopic eczema at 1 year.,1
246,Low nucleosome occupancy correlates with high methylation levels across species.,1
247,Ly49Q directs the organization of neutrophil polarization by regulating membrane raft functions.,1
248,Ly6C hi monocytes have a higher inflammatory capacity than Ly6C lo monocytes.,1
249,MEK inhibitors are effective treatments in RAS-driven mouse models of cancer.,1
250,MFGE8 regulates fat absorption by binding to av-Beta3 and av-Beta5 integrins.,1
251,MICAL redox enzymes regulate actin dynamics in many cell types.,1
252,MICAL redox enzymes regulate actin dynamics.,1
253,MUC1-C activates the NF-κB p65 signaling pathway by interacting with IκB kinase ß.,1
254,MafA phosphorylation decreases its ubiquitination.,0
255,MafA phosphorylation enhances its ubiquitination.,1
256,MafA ubiquitination decreases the recruitment of coavtivator P/CAF by MafA.,0
257,MafA ubiquitination increases the recruitment of coavtivator P/CAF by MafA.,1
258,Major antigen-induced signals from the T cell receptor and secondary signals from costimulatory receptors are required for T cell activation.,1
259,Major vault protein (MVP) leads to more aggressive tumors by regulating the sorting of tumor suppressive miR-193a into extracellular vesicles (EVs).,1
260,Major vault protein regulates sorting of tumor suppressive miR-193a into EVs.,1
261,Mathematical models predict that using Artemisinin-based combination therapy over nongametocytocidal drugs have only a modest impact in reducing malaria transmission.,1
262,Medications to treat obesity are highly effective.,0
263,Medications to treat obesity do not have side effects.,0
264,Medications to treat obesity have unwanted side effects.,1
265,Men are more susceptible to death due to pneumonia when compared to women.,0
266,Metastatic colorectal cancer treated with a single agent fluoropyrimidines resulted in similar efficacy and better quality of life when compared with oxaliplatin-based chemotherapy in elderly patients.,0
267,Mice are incapable of producing neutralizing antibodies in reponse to the Chikungunya virus (CHIKV) produced in mosquitos.,0
268,Mice lacking Sirt1 in Sf1-expressing neurons are immune to diet-induced obesity and insulin resistance.,0
269,Mice lacking Sirt1 in Sf1-expressing neurons have increased susceptibility to diet-induced obesity and insulin resistance.,1
270,Mice that lack Interferon-γ or its receptor are highly susceptible to experimental autoimmune myocarditis.,1
271,Mice without IFN-γ or its receptor are highly susceptible to EAM induced with α-MyHC/CFA.,1
272,Microcin J25 encourages nucleoside triphosphate (NTP) binding.,0
273,Microcin J25 inhibits nucleoside triphosphate (NTP) binding.,1
274,Microglia are an innate immune cell type of the central nervous system.,1
275,Microglia are an innate immune cell type of the peripheral nervous system.,0
276,Migraine with aura is associated with ischemic stroke.,1
277,Misunderstandings between doctors and patients can lead to non-adherence.,1
278,Mitochondria play a major role in apoptosis.,1
279,Mitochondria play a major role in energy production.,1
280,Mitochondria play a trivial role in calcium homeostasis.,0
281,Monoclonal antibody targeting of N-cadherin encourages castration resistance.,0
282,Monoclonal antibody targeting of N-cadherin encourages metastasis.,0
283,Monoclonal antibody targeting of N-cadherin inhibits castration resistance.,1
284,Monoclonal antibody targeting of N-cadherin inhibits growth.,1
285,Most termination events in Okazaki fragments are dictated by initiation patterns.,1
286,"Mouse models can be generated using ""artificial spermatids.""",1
287,Mutant mice lacking SVCT2 have severely reduced ascorbic acid levels in both brain and adrenals.,1
288,Mutations in RIM1 decrease levels of IME1 RNA.,1
289,Mutations in RIM1 raise levels of IME1 RNA.,0
290,Myelin sheaths play a role in action potential propagation.,1
291,N348I mutations cause resistance to nevirapine.,1
292,N348I mutations reduce resistance to nevirapine.,0
293,NR5A2 does not play a role in development of endometrial tissues.,0
294,Natriuretic peptides increase susceptibility to diabetes.,0
295,Natriuretic peptides protect against diabetes.,1
296,Neutrophil extracellular trap (NET) antigens may contain the targeted autoantigens PR3 and MPO.,1
297,Neutrophils produce IL-1β in response to large particles.,1
298,Nonhuman primates are incapable of producing neutralizing antibodies in reponse to the Eilat virus (EILV) produced in mosquitos.,0
299,Nonhypertensive people who are 55 years old have a 90% chance of developing hypertension during their lifetime.,1
300,Noninvasive positive pressure ventilation is not predictive of acute respiratory failure after solid organ transplantation.,0
301,Nonsteroidal antinflammatory drugs are ineffective as cancer treatments.,0
302,Nonsteroidal antinflammatory drugs show potential anticancer indications.,1
303,Normal expression of RUNX1 causes tumorsupressing effects.,1
304,Normal granulomas form in the absence of TNF in Zebrafish.,1
305,Normal granulomas form in the presence of TNF in Zebrafish.,0
306,Notch signaling occurs between tumor cells and stromal cells.,1
307,Oat tolerant coeliac patients may have oat specific inflammatory cells in their small bowel mucosa.,1
308,Omnivores produce less trimethylamine N-oxide from dietary I-carnitine than vegans.,0
309,Omnivores produce more trimethylamine N-oxide from dietary I-carnitine than vegans.,1
310,Omnivores produce more trimethylamine N-oxide from dietary I-carnitine than vegetarians.,1
311,One in five surgical randomized controlled trials are discontinued early.,1
312,One in two surgical randomized controlled trials are discontinued early.,0
313,Osteocytes have an essential role in G-CSF induced HSPC mobilization.,1
314,PCSK9 inhibitors decrease plasma Lp(a) levels.,1
315,PD-1 triggering on monocytes enhances IL-10 production by monocytes.,1
316,PKG-la does not have a large impact on expression of pain hypersensitivity in PGK-la knockout mice.,0
317,PKG-la does not have a large impact on expression of spinal long term potentiation in PGK-la knockout mice.,0
318,PKG-la plays an essential role in expression of spinal long term potentiation in PGK-la knockout mice.,1
319,PTEN is a regulator for the transcriptional activity of SRF,1
320,Participants who quit smoking reduce lung cancer risk by approximately 50%.,1
321,Patients in stable partnerships have a slower progression from HIV to AIDS.,1
322,Patients in stable partnerships progress from HIV to death at the same rate as patients not in partnerships.,0
323,Patients with common epithelial cancers  are more likely to have an emergency event as their first hospital admission if they live in resource-deprived areas.,1
324,Patients with common epithelial cancers are less likely to have an emergency event as their first hospital admission if they live in resource-deprived areas.,0
325,Patients with microcytosis and higher erythrocyte count are more vulnerable to severe malarial anaemia when infected with Plasmodium falciparum.,0
326,Patients with microcytosis and higher erythrocyte count were more resistant to severe malarial anaemia when infected with Plasmodium falciparum.,1
327,Patients with panic anxiety show decreased CSF levels of hypocretin.,0
328,Pediatric SCD patients with vaso-occlusive crisis show increased morphine use after breathing 80 ppm iNO for 4 hours.,1
329,Peroxynitrite is required for induction of T cell tolerance.,1
330,Pharmacist attendance at ward rounds increases adverse events in wards.,0
331,Pharmacist attendance at ward rounds reduces adverse events in wards.,1
332,Phase information is useful for predicting donor-recipient matches in organ transplantation.,1
333,Physical activity does not improve cognitive function in individuals with Alzheimers.,0
334,Piezo1 channels are sensors for cell migration in epithelial cells.,1
335,Pioglitazone use is not associated with an increased risk of prostate cancer.,0
336,Pioglitazone use is significantly associated with an increased risk of pancreatic cancer.,1
337,Pioglitazone use is significantly associated with an increased risk of prostate cancer.,1
338,Pioneer factor OCT3/4 interacts with major chromatin remodeling factors.,1
339,Polymeal nutrition increases cardiovascular mortality.,0
340,Post-transcriptional handling of mitochondrial transcripts occurs in mitochondrial RNA granules.,1
341,Pre-mRNAs associated with spliceosomal components are less stable than unassociated splicing substrates.,0
342,Pre-mRNAs associated with spliceosomal components are more stable than unassociated splicing substrates.,1
343,Prescribed exercise training improves quality of life.,1
344,Primary cervical cancer screening with HPV detection has lower longitudinal sensitivity than conventional cytology to detect cervical intraepithelial neoplasia grade 2.,0
345,Primary cervical cytology screening with HPV detection has higher longitudinal sensitivity to detect severe cervical intraepithelial neoplasia than conventional cytology.,1
346,Pro-inflammatory cytokines are up regulated during tumor development.,1
347,Progerin induces premature aging in stem cells.,1
348,Propriospinal interneurons that play a role in the plastic reorganization of spinal circuits are integral for recovery from spinal cord injury.,1
349,Pseudogene PTENP1 encodes a transcript that regulates PTEN expression.,1
350,Pyridostatin decreases telomere fragility in BRCA2-deficient cells.,0
351,Pyridostatin deregulates G2/M progression.,1
352,Pyridostatin encourages proliferation of homologous recombination - defective cells.,0
353,Pyridostatin induces checkpoint activation.,1
354,Pyridostatin induces double-strand breaks accumulation.,1
355,Pyridostatin prevents double-strand breaks accumulation.,0
356,Pyridostatin reduces proliferation of homologous recombination - defective cells.,1
357,Pyridostatin stabilizes the G - quadruplex in the telomeric region.,1
358,RAD52 is involved in break-induced DNA replication (BIR).,1
359,RANK-RANKL pathway signalling has no known association with development of Aire-expressing medullary thymic epithelial cells.,0
360,RANK-RANKL pathway signalling is linked to development of Aire-expressing medullary thymic epithelial cells.,1
361,RTEL1 interacts with TRF2 through a C4C4 motif,1
362,RUNX1 is downregulated or mutated in TLX1 T-ALL.,1
363,Radioiodine treatment of non-toxic multinodular goitre increases thyroid volume.,0
364,Rapamycin delays aging in fruit flies.,1
365,Rapid phosphotransfer rates are correlated with histidine kinase regulator specificity.,1
366,Recognition of start codons depends on the translation initiation factor IF3.,1
367,Reduced responsiveness to interleukin-2 in regulatory T cells is associated with autoimmune diseases such as Type 1 Diabetes.,1
368,Reducing H3k4me3 methylation induces mouse epiblast stem cells to naive pluripotency efficiently.,1
369,Reduction of Rpl38 alters the composition of the Hox gene mRNAs translation in mice without lowering overall protein synthesis.,1
370,Removal of H3K9me3 by ectopic expression of other H3K9 demethylases decreases reprogramming efficiency in SCNT experiments.,0
371,Removal of H3K9me3 by ectopic expression of other H3K9 demethylases improves reprogramming efficiency in SCNT experiments.,1
372,Removal of H3K9me3 improves reprogramming efficiency in human somatic cell nuclear transfer experiments.,1
373,Replacement of histone H2A with H2A.Z accelerates gene activation in yeasts by destabilizing +1 nucleosomes.,1
374,Repressing IL-18 has negative effects on atherosclerotic lesion composition and progression.,0
375,Retinoic acid receptor-related orphan receptor gamma (RORγ) is a therapeutic target for castration-resistant prostate cancer (CRPC),1
376,Rhythmic expression of Cry1 translates directly into a circadian regulation of cAMP signaling in gluconeogenesis.,1
377,Rhythmic expression of Cry1 translates directly into a circadian regulation of cAMP signaling in hepatic glucose metabolism.,1
378,Ribosomopathies have a high degree of cell and tissue specific pathology.,1
379,Risedronate increases risk of vertebral and non-vertebral fractures.,0
380,Risk of cardiovascular events can be cut by a third by using antihypertensive drug therapy among hemodialysis patients.,1
381,Risk-adjusted mortality rates are similar in teaching and non-teaching hospitals.,1
382,Rotator cuff exercises are more effective than general exercise therapy in reducing pain and improving function of the shoulder.,1
383,Satellite cell dysfunction is a key factor in sarcopenia development.,0
384,Scapular stabilizer exercises are more effective than general exercise therapy in reducing pain and improving function of the shoulder.,1
385,Sepsis related mortality has remained stable between 2009-2014.,1
386,Sepsis related mortality has risen from 2009 to 2014.,0
387,Side effects associated with antidepressants do not represent a mortality risk to postmenopausal women.,0
388,Side effects associated with antidepressants increases risk of stroke.,1
389,Sildenafil worsens erectile function in men who experience sexual dysfunction as a result of the use of SSRI antidepressants.,0
390,Smc5/6 engagment halts the activation of SUMO E3 ligase Mms21 by ATP-dependent remolding.,0
391,Splenomegaly is observed in knockin mouse lacking the SHP-2 MAPK pathway.,1
392,Stiff substrates encourage mesodermal differentiation by degrading beta-catenin in an integrin-dependent manner.,0
393,Stiff substrates inhibit mesodermal differentiation by degrading beta-catenin in an integrin-dependent manner.,1
394,Stroke patients with prior use of direct oral anticoagulants have a higher risk of in-hospital mortality than stroke patients with prior use of warfarin.,0
395,Students who perform poorly in the early years of medical school are at increased risk for professional misconduct later in their careers.,1
396,Students who perform poorly in the early years of medical school are less likely to commit professional misconduct later in their careers.,0
397,Suboptimal nutrition is a leading cause of premature death,1
398,"Surfactin producing cells and exopolymer producing cells cooperate to generate ""Van Gogh"" bundles that have sliding abilities on specialized media.",1
399,Surgical treatment is not superior to non-surgical in treating adults with displaced fractures of the proximal humerus.,1
400,Sympathetic nerve activity is elevated throughout normal pregnancy.,1
401,Sympathetic nerve activity is reduced throughout normal pregnancy.,0
402,Systemic immunosuppressive (IS) therapy does not enhance the chance of cancer mortality in patients with inflammatory eye disease (IED),1
403,Systemic immunosuppressive (IS) therapy increases the chance of cancer mortality in patients with inflammatory eye disease (IED),0
404,Systemic lupus erythematosus is a risk factor for cardiovascular disease.,1
405,T cell receptor /CD3 microdomains are required to induce the immunologic synapse.,1
406,TMEM27 is a marker for beta cells.,1
407,TNFAIP3 is a glioblastoma tumor enhancer.,1
408,TNFAIP3 is a glioblastoma tumor suppressor.,0
409,TNFAIP3 is a tumor enhancer in glioblastoma.,1
410,TRAP+ osteoclasts regulate mature osteoblast maintenance.,1
411,Taking 400mg of α-tocopheryl acetate does not prevent prostate cancer.,1
412,Taking 400mg of α-tocopheryl acetate in combination with vitamin C reduces the risk of prostate cancer.,0
413,Taking anti-depresents is associated with a decrease in the Aβ level in the brain of experimental animals.,1
414,Taxation of sugar-sweetened beverages reduced the incidence rate of type II diabetes in India.,1
415,Ten percent (10%) of kidney cancers in the UK are attributable to excess weight.,1
416,The C-type lectin receptor (CLEC-2) rearranges the actin cytoskeleton in dendritic cells to promote efficient motility along stromal surfaces.,1
417,The DESMOND program caused substantial weight loss in most participants.,0
418,The DESMOND program demonstrates no significant impact on biochemical outcomes.,1
419,The DESMOND program demonstrates no significant impact on lifestyles outcomes.,1
420,The DESMOND program demonstrates no significant impact on weight loss.,1
421,The DdrB protein from Deinococcus radiodurans functions as a pentamer.,1
422,The M2-phenotype in brown adipose tissue macrophages increases brown adipose tissue thermogenic activity.,1
423,The NF-κB essential modulator gene induces intestinal inflammation by promoting receptor-interacting protein (RIP) kinase 1 kinase activity-mediated epithelial cell death.,0
424,The NF-κB essential modulator gene prevents intestinal inflammation by inhibiting receptor-interacting protein (RIP) kinase 1 kinase activity-mediated epithelial cell death.,1
425,The PDPN gene deactivates the C-type lectin receptor (CLEC-2).,0
426,The PRDM1 gene is a key determinant of primordial germ cells.,1
427,"The PRDM1 gene, when combined with the PRDM14 gene, plays an important role during primordial germ cell specification.",1
428,The RANK-RANK-Ligand (RANKL) pathway is involved in the development of Aire-expressing medullary thymic epithelial cells (mTECs).,1
429,The Snf1 complex regulates carbon and energy metabolism in baker's yeast (Saccharomyces cerevisiae).,1
430,The US health care system can save up to $5 billion if 7% of patients waiting for kidney transplants participate in the optimized national kidney paired donation program.,0
431,The combination of physical examinations with C-reactive protein values do not improve the accuracy of radiographic verified pneumonia predictions.,0
432,The deamination of cytidine to uridine on the minus strand of viral DNA can inactivate the viral genome by inducing G-to-A mutations.,1
433,The density of cytokine receptor bearing cells affects the distance over which cytokines act.,1
434,The density of cytokine receptor bearing cells has no effect on the distance over which cytokines act.,0
435,The generation of reactive oxygen species by activated oncogenes contributes to the increased genomic instability of leukaemia cells.,1
436,The innate immune response struggles to remove small numbers of parasites.,0
437,The latent infection of myeloid cells with human cytomegalovirus induces a number of changes in gene expression.,1
438,The mean suicide rate in women is higher after miscarriage than live birth.,1
439,The mean suicide rate in women is lower after miscarriage than live birth.,0
440,The microtubule-dependent delivery and secretion of matrix metalloproteases (MMPs) is partially responsible for the disassembly of adhesion sites.,1
441,The minor G allele of FOXO3 downregulates pro-inflammatory cytokines.,1
442,The minor G allele of FOXO3 is related to less severe symptoms of Crohn's Disease.,1
443,The minor G allele of FOXO3 up-regulates IL-10.,1
444,The most prevalent adverse events to Semaglutide are cardiovascular.,0
445,The most prevalent adverse events to Semaglutide are gastrointestinal.,1
446,The myocardial cell lineage originally develops from cardiac progenitors of exclusively endodermal origin.,0
447,The one-child policy has created a hospitable environment for female infants.,0
448,The peak incidence of fractures occurs during pubertal growth spurt in early adolescents.,1
449,The peak incidence of fractures occurs in toddlers.,0
450,The proliferative capacity of neural progenitors differs across species.,1
451,The proliferative capacity of progenitors is regulated cell-autonomously.,1
452,The recruitment of Wdr5 to its target loci depends on Kat8.,1
453,The relationship between a breast cancer patient's capacity to metabolize tamoxifen and treatment outcome is independent of the patient's genetic make-up.,0
454,The removal of reactive oxygen species by activated oncogenes contributes to the increased genomic instability of leukaemia cells.,0
455,The repeat-variable diresidue (RVD) in the loop of Transcription-Activator Like (TAL) effectors specifies the nucleotides-amino acid contact at the target promoter element.,1
456,The risk of breast cancer among parous women decreases with placental weight of pregnancies.,0
457,The risk of cancer rises with level of alcohol consumption.,1
458,The risk of female prisoners harming themselves is ten times that of male prisoners.,1
459,The tissue surrounding the granuloma in an immune cell induces an anti-inflammatory immune response.,1
460,Therapeutics receiving accelerated approval encounter a lower frequency of post-marketing safety events,0
461,There is a positive correlation between hip fractures and statin use.,0
462,There is a relation between Erythromycin use and hypertrophic pyloric stenosis.,1
463,There is no increased risk of hypospadias with clomiphene.,0
464,There is no known interaction between Pioneer factor OCT3/4 and major chromatin remodeling factors.,0
465,There is no relation between Erythromycin use and hypertrophic pyloric stenosis.,0
466,There was an estimated 30 million cases of pneumonia in young children worldwide in 2010.,1
467,Tirasemtiv targets fast-twitch muscle.,1
468,"Trans-acting factors, such as lncRNAs, influence mRNA translation.",1
469,Transcription factor EB induces transcription of pro-inflammatory cytokines in macrophages infected with Staphylococcus aureus.,1
470,Transplanted human glial progenitor cells can mature in their host animal.,1
471,Treatment with a protein named FN impairs regenerative abilities of aged muscles.,0
472,Treatment with a protein named FN restores regenerative abilities of aged muscles.,1
473,Tuberculosis incidence occurs at higher rates in more sparsely populated areas in the UK.,0
474,Tuberculosis-induced granulomas express different immune system protein signatures than the surrounding tissue.,1
475,Two variants of chromosome 6q21 are associated with radiation therapy-induced second malignancies in pediatric Hodgkin lymphoma patients.,1
476,Type 1 Diabetes is associated with subtle perturbations in T reg development.,1
477,Ultrasound guidance significantly reduces the number of needle insertion attempts necessary for a given procedure.,1
478,Ultrasound guidance significantly reduces the number of traumatic procedures when attempting needle insertion.,1
479,"Upon developing tyrosine-kinase inhibitor resistance, new mutations in epidermal growth factor receptors emerge and cause treatment failure.",1
480,"Upon viral challenge, influenza-specific memory CD4+ T cells greatly diminish the early production of inflammatory chemokines in the lung.",0
481,"Upon viral challenge, influenza-specific memory CD4+ T cells greatly enhance the early production of inflammatory chemokines in the lung.",1
482,Upregulation of dynein in Drosophila neurons increases the number of microtubule plus-ends growing toward the cell body of each neuron.,0
483,V-9302 inhibits antitumor responses by decreasing cell death and oxidative stress.,0
484,Vaccinating the gastrointestinal tract induces protection of rectal and vaginal mucosa.,1
485,Varenicline monotherapy is more effective after 26 weeks of treatment compared to combination nicotine replacement therapies with varenicline or bupropion.,0
486,Varying expression levels of EBI2 affect the positioning and migration of B cells.,1
487,VgrG (Tssl) protein punctures membranes by forming a spike at the tip of the tube apparatus.,1
488,Vitamin D deficiency effects birth weight.,1
489,Vitamin D is an important factor in the relationship between calcium and parathyroid hormone.,1
490,Walking in traffic areas in London did not improve lung function in elderly adults.,1
491,Walking in traffic areas in London improves lung function in elderly adults.,0
492,Whole brain radiotherapy increases the occurrence of new brain metastases.,0
493,Women are more susceptible to death due to pneumonia when compared to men.,1
494,Women with a lower birth weight are more likely to develop breast cancer later in life.,0
495,YAP/TAZ is required in intestinal regeneration in mouse models of ulcerative colitis.,1
496,aPKCz causes tumour suppression by affecting glutamine metabolism.,1
497,cSMAC formation represses weak ligand signalling.,0
498,mcm 5 s 2 U is required for proper decoding of NNR codons in eukaryotes.,1
499,miR-142-5P is a known regulator of raised body temperature.,1
500,miR-142-5P is a temperature-sensitive microRNA (miRNA).,1
501,miRNAs enforce homeostasis by suppressing low-level ''leaky'' transcription.,1
502,siRNA knockdown of A20 accelerates tumor progression in an in vivo murine xenograft model.,0
503,siRNA knockdown of A20 slows tumor progression in an in vivo murine xenograft model.,1
504,β-sheet opening occurs during pleurotolysin pore formation.,1
505,"1,000 genomes project enables mapping of genetic sequence variation consisting of rare variants with larger penetrance effects than common variants.",1
506,1/2000 in UK have abnormal PrP positivity.,1
507,A high microerythrocyte count raises vulnerability to severe anemia in homozygous alpha (+)- thalassemia trait subjects.,0
508,"A total of 1,000 people in the UK are asymptomatic carriers of vCJD infection.",0
509,ADAR1 binds to Dicer to cleave pre-miRNA.,1
510,AIRE is expressed in some skin tumors.,1
511,ALDH1 expression is associated with better breast cancer outcomes.,0
512,ALDH1 expression is associated with poorer prognosis in breast cancer.,1
513,AMP-activated protein kinase (AMPK) activation increases inflammation-related fibrosis in the lungs.,0
514,APOE4 expression in iPSC-derived neurons increases AlphaBeta production and tau phosphorylation causing GABA neuron degeneration.,1
515,"APOE4 expression in iPSC-derived neurons increases AlphaBeta production and tau phosphorylation, delaying GABA neuron degeneration.",0
516,Activation of PPM1D suppresses p53 function.,1
517,All hematopoietic stem cells segregate their chromosomes randomly.,1
518,Angiotensin converting enzyme inhibitors are associated with increased risk for functional renal insufficiency.,1
519,Anthrax spores can be disposed of easily after they are dispersed.,0
520,Antibiotic induced alterations in the gut microbiome reduce resistance against Clostridium difficile,1
521,Antiretroviral therapy reduces rates of tuberculosis across a broad range of CD4 strata.,1
522,Articles published in open access format are less likely to be cited than traditional journals.,0
523,Articles published in open access format are more likely to be cited than traditional journals.,1
524,"Assembly of invadopodia is triggered by focal generation of phosphatidylinositol-3,4-biphosphate and the activation of the nonreceptor tyrosine kinase Src.",1
525,Asymptomatic visual impairment screening in elderly populations does not lead to improved vision.,1
526,Auditory entrainment is strengthened when people see congruent visual and auditory information.,1
527,Autologous transplantation of mesenchymal stem cells causes a higher rate of opportunistic infections than induction therapy with anti-interleukin-2 receptor antibodies.,0
528,Autologous transplantation of mesenchymal stem cells causes fewer opportunistic infections than induction therapy with anti-interleukin-2 receptor antibodies.,1
529,Autologous transplantation of mesenchymal stem cells has lower rates of rejection than induction therapy with anti-interleukin-2 receptor antibodies.,1
530,Autophagy declines in aged organisms.,1
531,Bariatric surgery has a positive impact on mental health.,1
532,Basophils counteract disease development in patients with systemic lupus erythematosus (SLE).,0
533,Birth-weight is positively associated with breast cancer.,1
534,Blocking the interaction between TDP-43 and respiratory complex I proteins ND3 and ND6 leads to increased TDP-43-induced neuronal loss.,0
535,Bone marrow cells contribute to adult macrophage compartments.,0
536,Breast cancer development is determined exclusively by genetic factors.,0
537,CHEK2 is not associated with breast cancer.,1
538,CR is associated with higher methylation age.,0
539,CX3CR1 on the Th2 cells impairs T cell survival,0
540,CX3CR1 on the Th2 cells promotes T cell survival,1
541,CX3CR1 on the Th2 cells promotes airway inflammation.,1
542,CX3CR1 on the Th2 cells suppresses airway inflammation.,0
543,Carriers of the alcohol aldehyde dehydrogenase deficiency mutation drink less that non-carries.,1
544,Cell autonomous sex determination in somatic cells does not occur in Galliformes.,0
545,Cell autonomous sex determination in somatic cells occurs in Passeriformes.,1
546,Cellular aging closely links to an older appearance.,1
547,Chenodeosycholic acid treatment increases whole-body energy expenditure.,1
548,Chenodeosycholic acid treatment reduces whole-body energy expenditure.,0
549,"Chronic aerobic exercise alters endothelial function, improving vasodilating mechanisms mediated by NO.",1
550,Combination nicotine replacement therapies with varenicline or bupropion lead to significantly higher long-term abstinence rates at 52 weeks than varenicline monotherapy.,0
551,Combining phosphatidylinositide 3-kinase and MEK 1/2 inhibitors is effective at treating KRAS mutant tumors.,1
552,Commelina yellow mottle virus' (ComYMV) genome consists of 7489 baise pairs.,1
553,Crosstalk between dendritic cells (DCs) and innate lymphoid cells (ILCs) is important in the regulation of intestinal homeostasis.,1
554,Cytochrome c is released from the mitochondrial intermembrane space to cytosol during apoptosis.,1
555,Deamination of cytidine to uridine on the minus strand of viral DNA results in catastrophic G-to-A mutations in the viral genome.,1
556,Deletion of αvβ8 does not result in a spontaneous inflammatory phenotype.,1
557,Dexamethasone decreases risk of postoperative bleeding.,0
558,Diabetic patients with acute coronary syndrome experience increased short-term and long-term risk for bleeding events.,1
559,Enhanced early production of inflammatory chemokines improves viral control in the lung.,1
560,Epigenetic modulating agents (EMAs) modulate antitumor immune response in a cancer model system.,1
561,Errors in peripheral IV drug administration are most common during bolus administration and multiple-step medicine preparations.,1
562,Exposure to fine particulate air pollution is relate to anxiety prevalence.,1
563,Female carriers of the Apolipoprotein E4 (APOE4) allele have increased risk for dementia.,1
564,FoxO3a activation in neuronal death is mediated by reactive oxygen species (ROS).,1
565,Free histones are degraded by a Rad53-dependent mechanism once DNA has been replicated.,1
566,GATA-3 is important for hematopoietic stem cell (HSC) function.,1
567,Gene expression does not vary appreciably across genetically identical cells.,0
568,Glycolysis is one of the primary glycometabolic pathways in cells.,1
569,Headaches are not correlated with cognitive impairment.,1
570,High cardiopulmonary fitness causes increased mortality rate.,0
571,High levels of CRP reduces the risk of exacerbations in chronic obstructive pulmonary disease (COPD).,0
572,High-sensitivity cardiac troponin T (HSCT-T) dosage may not be diagnostic if the onset of symptoms occurs less than 3 hours before acute myocardial injury (AMI).,1
573,Histone demethylase recruitment and a transient decrease in histone methylation is necessary for ligand-dependent induction of transcription by nuclear receptors.,1
574,Human T-lymphotropic virus type-I-associated myelopathy / tropical spastic paraparesis (HAM/TSP) patients produce Immunoglobulin G (IgG) antibodies which cross-react with an immunodominant epitope in Tax.,1
575,Hyperfibrinogenemia decreases rates of femoropopliteal bypass thrombosis.,0
576,Hyperfibrinogenemia increases rates of femoropopliteal bypass thrombosis.,1
577,Hypocretin neurones induce panicprone state in rats.,1
578,Hypoglycemia increases the risk of dementia.,1
579,Hypothalamic glutamate neurotransmission is crucial to energy balance.,1
580,IRG1 has antiviral effects against neurotropic viruses.,1
581,"In adult tissue, most T cells are memory T cells.",1
582,"In mouse models, the loss of CSF1R facilitates MOZ-TIF2-induced leuekmogenesis.",0
583,"In young and middle-aged adults, current or remote uses of ADHD medications do not increase the risk of serious cardiovascular events.",1
584,Incidence of heart failure decreased by 10% in women since 1979.,1
585,Incidence rates of cervical cancer have decreased.,1
586,Incidence rates of cervical cancer have increased due to nationwide screening programs based primarily on cytology to detect uterine cervical cancer.,0
587,Increased microtubule acetylation repairs LRRK2 Roc-COR domain mutation induced locomotor deficits.,1
588,Increased vessel density along with a reduction in fibrosis decreases the efficacy of chemotherapy treatments.,0
589,"Inositol lipid 3-phosphatase PTEN converts Ptdlns(3,4)P 2 into phosphatidylinositol 4-phosphate.",1
590,Insomnia can be effectively treated with cognitive behavioral therapy.,1
591,LDL cholesterol has no involvement in the development of cardiovascular disease.,0
592,Leuko-increased blood increases infectious complications in red blood cell transfusion.,0
593,Leuko-reduced blood reduces infectious complications in red blood cell transfusion.,1
594,Low nucleosome occupancy correlates with low methylation levels across species.,0
595,Lupus-prone mice infected with curliproducing bacteria have higher autoantibody titers compared to controls.,1
596,Ly49Q directs the organization of neutrophil migration to inflammation sites by regulating membrane raft functions.,1
597,Ly6C hi monocytes have a lower inflammatory capacity than Ly6C lo monocytes.,0
598,Lymphadenopathy is observed in knockin mouse lacking the SHP-2 MAPK pathway.,1
599,Macrolides have no protective effect against myocardial infarction.,1
600,Macrolides protect against myocardial infarction.,0
601,Macropinocytosis contributes to a cell's supply of amino acids via the intracellular uptake of protein.,1
602,Many proteins in human cells can be post-translationally modified at lysine residues via acetylation.,1
603,Mathematical models predict that using Artemisinin-based combination therapy over nongametocytocidal drugs have a dramatic impact in reducing malaria transmission.,0
604,Metastatic colorectal cancer treated with a single agent fluoropyrimidines resulted in reduced efficacy and lower quality of life when compared with oxaliplatin-based chemotherapy in elderly patients.,1
605,Mice that lack Interferon-γ or its receptor exhibit high resistance to experimental autoimmune myocarditis.,0
606,MicroRNA is involved in the regulation of Neural Stem Cell (NSC) differentiation and proliferation dynamic homeostasis,1
607,Mitochondria are uninvolved in apoptosis.,0
608,Monoclonal antibody targeting of N-cadherin inhibits metastasis.,1
609,Most termination events in Okazaki fragments are sequence specific.,1
610,Mutant mice lacking SVCT2 have greatly increased ascorbic acid levels in both brain and adrenals.,0
611,N348I mutations cause resistance to zidovudine (AZT).,1
612,NFAT4 activation requires IP3R-mediated Ca2+ mobilization.,1
613,NR5A2 is important in development of endometrial tissues.,1
614,Nanoparticles can be targeted against specific cell types by incorporating aptamers into lipid nanoparticles.,1
615,Neutrophil extracellular traps (NETs) are released by ANCA-stimulated neutrophils.,1
616,New drugs for tuberculosis often do not penetrate the necrotic portion of a tuberculosis lesion in high concentrations.,0
617,Non-invasive ventilation use should be decreased if there is inadequate response to conventional treatment.,0
618,Normal expression of RUNX1 has tumor-promoting effects.,0
619,Obesity is determined solely by environmental factors.,0
620,Occupancy of ribosomes by IncRNAs do not make functional peptides.,0
621,Occupancy of ribosomes by IncRNAs mirror 5 0-UTRs,1
622,Omnivores produce less trimethylamine N-oxide from dietary I-carnitine than vegetarians.,0
623,PD-1 triggering on monocytes reduces IL-10 production by monocytes.,0
624,PDPN promotes efficient motility along stromal surfaces by activating the C-type lectin receptor to rearrange the actin cytoskeleton in dendritic cells.,1
625,PKG-la plays an essential role in expression of pain hypersensitivity in PGK-la knockout mice.,1
626,Participating in six months of physical activity improves cognitive functioning.,1
627,Patients in stable partnerships have a faster progression from HIV to AIDS.,0
628,Peroxynitrite is required for nitration of TCR/CD8.,1
629,Podocytes are motile and migrate in the presence of injury.,1
630,Polymeal nutrition reduces cardiovascular mortality.,1
631,Pretreatment with the Arp2/3 inhibitor CK-666 affects lamelliopodia formation.,1
632,Primary cervical cancer screening with HPV detection has higher longitudinal sensitivity than conventional cytology to detect cervical intraepithelial neoplasia grade 2.,1
633,Proteins synthesized at the growth cone are ubiquitinated at a higher rate than proteins from the cell body.,1
634,Pseudogene PTENP1 regulates the expression of PTEN by functioning as an miRNA decoy.,1
635,Pyridostatin destabilizes the G - quadruplex in the telomeric region.,0
636,Radioiodine treatment of non-toxic multinodular goitre reduces thyroid volume.,1
637,Rapid phosphotransfer rates govern fidelity in two component systems,1
638,Rapid up-regulation and higher basal expression of interferon-induced genes increase survival of granule cell neurons that are infected by West Nile virus.,1
639,Rapid up-regulation and higher basal expression of interferon-induced genes reduce survival of granule cell neurons that are infected by West Nile virus.,0
640,Recurrent mutations occur frequently within CTCF anchor sites adjacent to oncogenes.,1
641,Reduced responsiveness to interleukin-2 in regulatory T cells is associated with greater resistance to autoimmune diseases such as Type 1 Diabetes.,0
642,Replacement of histone H2A with H2A.Z slows gene activation in yeasts by stabilizing +1 nucleosomes.,0
643,Ribosomopathies have a low degree of cell and tissue specific pathology.,0
644,S-nitrosylated GAPDH physiologically transnitrosylates histone deacetylases.,1
645,Sildenafil improves erectile function in men who experience sexual dysfunction as a result of the use of SSRI antidepressants.,1
646,Silencing of Bcl2 is important for the maintenance and progression of tumors.,0
647,Smc5/6 engagment drives the activation of SUMO E3 ligase Mms21 by ATP-dependent remolding.,1
648,Stroke patients with prior use of direct oral anticoagulants have a lower risk of in-hospital mortality than stroke patients with prior use of warfarin.,1
649,Subcutaneous fat depots undergo extensive browning processes after cold exposure.,1
650,Suboptimal nutrition is not predictive of chronic disease,0
651,Synaptic activity enhances local release of brain derived neurotrophic factor from postsynaptic dendrites.,1
652,T regulatory cells (tTregs) lacking αvβ8 are more adept at suppressing pathogenic T-cell responses during active inflammation.,0
653,TCR/CD3 microdomains are a required to induce the immunologic synapse to activate T cells.,1
654,TNFAIP3 is a tumor suppressor in glioblastoma.,0
655,Taking 400mg of α-tocopheryl acetate helps to prevent prostate cancer.,0
656,Taxation of sugar-sweetened beverages had no effect on the incidence rate of type II diabetes in India.,0
657,Teaching hospitals do not provide better care than non-teaching hospitals.,1
658,Tetraspanin-3 is a causative factor in the development of acute myelogenous leukemia,1
659,The DdrB protein from Deinococcus radiodurans is an alternative SSB.,1
660,The PRR MDA5 is a sensor of RNA virus infection.,1
661,The US health care system can save up to $750 million if 7% of patients waiting for kidney transplants participate in the optimized national kidney paired donation program.,1
662,The YAP1 and TEAD complex tanslocates into the nucleus where it interacts with transcription factors and DNA-binding proteins that modulate target gene transcription.,1
663,The center of the granuloma in an immune cell induces a pro-inflammatory immune response.,1
664,The extracellular domain of TMEM27 is cleaved in human beta cells.,1
665,The genomic aberrations found in matasteses are very similar to those found in the primary tumor.,0
666,The locus rs647161 is associated with colorectal carcinoma.,1
667,The minor G allele of FOXO3 is related to more severe symptoms of Crohn's Disease.,0
668,The myocardial lineage develops from cardiac progenitors of mesodermal origin.,1
669,The relationship between a breast cancer patient's capacity to metabolize tamoxifen and treatment outcome is dependent on the patient's genetic make-up.,1
670,The repair of Cas9-induced double strand breaks in human DNA is error-prone.,1
671,"The risk of breast cancer among parous women increases with placental weight of pregnancies, and this association is strongest for premenopausal breast cancer.",1
672,The risk of male prisoners harming themselves is ten times that of female prisoners.,0
673,The severity of cardiac involvement in amyloidosis can be described by the degree of transmurality of late gadolinium enhancement in MRI.,1
674,The sliding activity of kinesin-8 protein Kip3 promotes bipolar spindle assembly.,1
675,The tip of the inner tube of the toxic type VI secretion system (T6SS) antibacterial effector in Escherichia coli (E. coli) carries toxic effector proteins.,1
676,There is an inverse relationship between hip fractures and statin use.,1
677,Thigh-length graduated compression stockings (GCS) did not reduce deep vein thrombosis in patients admitted to hospital who are immobile because of acute stroke.,1
678,Tirasemtiv has no effect on fast-twitch muscle.,0
679,Transplanted human glial cells can differentiate within the host animal.,1
680,Transplanted human glial progenitor cells are incapable of forming a neural network with host animals' neurons.,0
681,UCB T cells maintain high TCR diversity after transplantation.,1
682,UCB T cells reduce TCR diversity after transplantation.,0
683,Ubiquitin ligase UBC13 generates a K63-linked polyubiquitin moiety at PCNA K164.,1
684,Ultrasound guidance significantly raises the number of traumatic procedures when attempting needle insertion.,0
685,Upregulation of mosGCTL-1 is induced upon infection with West Nile virus.,1
686,Varenicline monotherapy is more effective after 12 weeks of treatment compared to combination nicotine replacement therapies with varenicline or bupropion.,0
687,Vitamin D deficiency effects the term of delivery.,1
688,Vitamin D deficiency is unrelated to birth weight.,0
689,Women with a higher birth weight are more likely to develop breast cancer later in life.,1
690,aPKCz causes tumour enhancement by affecting glutamine metabolism.,0
691,cSMAC formation enhances weak ligand signalling.,1
692,mTORC2 regulates intracellular cysteine levels through xCT inhibition.,1
